file,entries,collection,status
N/A,0,embed_model,Using embedding model: unknown
N/A,0,LLM,Using embedding model: unknown
ALL,0,ALL,Wiped Chroma store
actions.json,48,grim_actions,Re-indexed (changed)
adventures.json,94,grim_adventures,Re-indexed (changed)
backgrounds.json,142,grim_backgrounds,Re-indexed (changed)
bastions.json,35,grim_bastions,Re-indexed (changed)
books.json,52,grim_books,Re-indexed (changed)
charcreationoptions.json,44,grim_charcreationoptions,Re-indexed (changed)
conditionsdiseases.json,30,grim_conditionsdiseases,Re-indexed (changed)
cultsboons.json,30,grim_cultsboons,Re-indexed (changed)
decks.json,34,grim_decks,Re-indexed (changed)
deities.json,551,grim_deities,Re-indexed (changed)
encounters.json,39,grim_encounters,Re-indexed (changed)
feats.json,192,grim_feats,Re-indexed (changed)
items-base.json,193,grim_items-base,Re-indexed (changed)
items.json,2474,grim_items,Re-indexed (changed)
languages.json,169,grim_languages,Re-indexed (changed)
life.json,12,grim_life,Re-indexed (changed)
loot.json,4,grim_loot,Re-indexed (changed)
magicvariants.json,212,grim_magicvariants,Re-indexed (changed)
makebrew-creature.json,232,grim_makebrew-creature,Re-indexed (changed)
makecards.json,12,grim_makecards,Re-indexed (changed)
monsterfeatures.json,25,grim_monsterfeatures,Re-indexed (changed)
msbcr.json,34,grim_msbcr,Re-indexed (changed)
names.json,10,grim_names,Re-indexed (changed)
objects.json,35,grim_objects,Re-indexed (changed)
optionalfeatures.json,209,grim_optionalfeatures,Re-indexed (changed)
psionics.json,52,grim_psionics,Re-indexed (changed)
races.json,145,grim_races,Re-indexed (changed)
recipes.json,241,grim_recipes,Re-indexed (changed)
renderdemo.json,1,grim_renderdemo,Re-indexed (changed)
rewards.json,253,grim_rewards,Re-indexed (changed)
senses.json,8,grim_senses,Re-indexed (changed)
skills.json,36,grim_skills,Re-indexed (changed)
tables.json,14,grim_tables,Re-indexed (changed)
trapshazards.json,37,grim_trapshazards,Re-indexed (changed)
variantrules.json,240,grim_variantrules,Re-indexed (changed)
vehicles.json,36,grim_vehicles,Re-indexed (changed)
"adventure\adventure-aitfr-avt.json,adventure\adventure-aitfr-dn.json,adventure\adventure-aitfr-fcd.json,adventure\adventure-aitfr-isf.json,adventure\adventure-aitfr-thp.json,adventure\adventure-azfyt.json,adventure\adventure-bgdia.json,adventure\adventure-bqgt.json,adventure\adventure-cm.json,adventure\adventure-coa.json,adventure\adventure-cos.json,adventure\adventure-crcotn.json,adventure\adventure-dc.json,adventure\adventure-dd.json,adventure\adventure-dip.json,adventure\adventure-ditlcot.json,adventure\adventure-dosi.json,adventure\adventure-drde-acfas.json,adventure\adventure-drde-bd.json,adventure\adventure-drde-bts.json,adventure\adventure-drde-das.json,adventure\adventure-drde-dotsc.json,adventure\adventure-drde-fwtvc.json,adventure\adventure-drde-sd.json,adventure\adventure-drde-tdon.json,adventure\adventure-drde-tfv.json,adventure\adventure-drde-twoo.json,adventure\adventure-dsotdq.json,adventure\adventure-efr.json,adventure\adventure-fs.json,adventure\adventure-gos.json,adventure\adventure-gotsf.json,adventure\adventure-hbtd.json,adventure\adventure-hfstcm.json,adventure\adventure-hftt.json,adventure\adventure-hol.json,adventure\adventure-hotdq.json,adventure\adventure-idrotf.json,adventure\adventure-imr.json,adventure\adventure-jttrc.json,adventure\adventure-kftgv.json,adventure\adventure-kkw.json,adventure\adventure-lk.json,adventure\adventure-llk.json,adventure\adventure-lmop.json,adventure\adventure-lox.json,adventure\adventure-lr.json,adventure\adventure-lrdt.json,adventure\adventure-mot-nss.json,adventure\adventure-nrh-ass.json,adventure\adventure-nrh-at.json,adventure\adventure-nrh-avitw.json,adventure\adventure-nrh-awol.json,adventure\adventure-nrh-coi.json,adventure\adventure-nrh-tcmc.json,adventure\adventure-nrh-tlt.json,adventure\adventure-oota.json,adventure\adventure-oow.json,adventure\adventure-pabtso.json,adventure\adventure-pip.json,adventure\adventure-pota.json,adventure\adventure-qftis.json,adventure\adventure-rmbre.json,adventure\adventure-rot.json,adventure\adventure-rtg.json,adventure\adventure-scc-arir.json,adventure\adventure-scc-ck.json,adventure\adventure-scc-hfmt.json,adventure\adventure-scc-tmm.json,adventure\adventure-scoee.json,adventure\adventure-sdw.json,adventure\adventure-sja.json,adventure\adventure-skt.json,adventure\adventure-slw.json,adventure\adventure-tftyp-atg.json,adventure\adventure-tftyp-dit.json,adventure\adventure-tftyp-tfof.json,adventure\adventure-tftyp-thsot.json,adventure\adventure-tftyp-toh.json,adventure\adventure-tftyp-tsc.json,adventure\adventure-tftyp-wpm.json,adventure\adventure-tlk.json,adventure\adventure-toa.json,adventure\adventure-tofw.json,adventure\adventure-tor.json,adventure\adventure-ttp.json,adventure\adventure-us.json,adventure\adventure-uthftlh.json,adventure\adventure-veor.json,adventure\adventure-vnotee.json,adventure\adventure-wbtw.json,adventure\adventure-wdh.json,adventure\adventure-wdmm.json,adventure\adventure-xmts.json",712,grim_adventure,Re-indexed (changed)
"bestiary\bestiary-aatm.json,bestiary\bestiary-ai.json,bestiary\bestiary-aitfr-dn.json,bestiary\bestiary-aitfr-fcd.json,bestiary\bestiary-aitfr-isf.json,bestiary\bestiary-aitfr-thp.json,bestiary\bestiary-awm.json,bestiary\bestiary-bam.json,bestiary\bestiary-bgdia.json,bestiary\bestiary-bgg.json,bestiary\bestiary-bmt.json,bestiary\bestiary-cm.json,bestiary\bestiary-coa.json,bestiary\bestiary-cos.json,bestiary\bestiary-crcotn.json,bestiary\bestiary-dc.json,bestiary\bestiary-dip.json,bestiary\bestiary-ditlcot.json,bestiary\bestiary-dmg.json,bestiary\bestiary-dod.json,bestiary\bestiary-dosi.json,bestiary\bestiary-dsotdq.json,bestiary\bestiary-egw.json,bestiary\bestiary-erlw.json,bestiary\bestiary-esk.json,bestiary\bestiary-ftd.json,bestiary\bestiary-ggr.json,bestiary\bestiary-gos.json,bestiary\bestiary-gotsf.json,bestiary\bestiary-hat-tg.json,bestiary\bestiary-hftt.json,bestiary\bestiary-hol.json,bestiary\bestiary-hotdq.json,bestiary\bestiary-idrotf.json,bestiary\bestiary-imr.json,bestiary\bestiary-jttrc.json,bestiary\bestiary-kftgv.json,bestiary\bestiary-kkw.json,bestiary\bestiary-llk.json,bestiary\bestiary-lmop.json,bestiary\bestiary-lox.json,bestiary\bestiary-lr.json,bestiary\bestiary-lrdt.json,bestiary\bestiary-mabjov.json,bestiary\bestiary-mcv1sc.json,bestiary\bestiary-mcv2dc.json,bestiary\bestiary-mcv3mc.json,bestiary\bestiary-mcv4ec.json,bestiary\bestiary-mff.json,bestiary\bestiary-mgelft.json,bestiary\bestiary-mismv1.json,bestiary\bestiary-mm.json,bestiary\bestiary-mot.json,bestiary\bestiary-mpmm.json,bestiary\bestiary-mpp.json,bestiary\bestiary-mtf.json,bestiary\bestiary-nrh-ass.json,bestiary\bestiary-nrh-at.json,bestiary\bestiary-nrh-avitw.json,bestiary\bestiary-nrh-awol.json,bestiary\bestiary-nrh-coi.json,bestiary\bestiary-nrh-tcmc.json,bestiary\bestiary-nrh-tlt.json,bestiary\bestiary-oota.json,bestiary\bestiary-oow.json,bestiary\bestiary-pabtso.json,bestiary\bestiary-phb.json,bestiary\bestiary-pota.json,bestiary\bestiary-ps-a.json,bestiary\bestiary-ps-d.json,bestiary\bestiary-ps-i.json,bestiary\bestiary-ps-k.json,bestiary\bestiary-ps-x.json,bestiary\bestiary-ps-z.json,bestiary\bestiary-qftis.json,bestiary\bestiary-rmbre.json,bestiary\bestiary-rot.json,bestiary\bestiary-rtg.json,bestiary\bestiary-sads.json,bestiary\bestiary-scc.json,bestiary\bestiary-sdw.json,bestiary\bestiary-skt.json,bestiary\bestiary-slw.json,bestiary\bestiary-tce.json,bestiary\bestiary-tdcsr.json,bestiary\bestiary-tftyp.json,bestiary\bestiary-toa.json,bestiary\bestiary-tofw.json,bestiary\bestiary-ttp.json,bestiary\bestiary-vd.json,bestiary\bestiary-veor.json,bestiary\bestiary-vgm.json,bestiary\bestiary-vrgr.json,bestiary\bestiary-wbtw.json,bestiary\bestiary-wdh.json,bestiary\bestiary-wdmm.json,bestiary\bestiary-xdmg.json,bestiary\bestiary-xge.json,bestiary\bestiary-xmm.json,bestiary\bestiary-xphb.json,bestiary\index.json,bestiary\legendarygroups.json,bestiary\template.json",4584,grim_bestiary,Re-indexed (changed)
"book\book-aag.json,book\book-aatm.json,book\book-ai.json,book\book-al.json,book\book-bam.json,book\book-bgg.json,book\book-bmt.json,book\book-dmg.json,book\book-dmtcrg.json,book\book-dod.json,book\book-egw.json,book\book-erlw.json,book\book-ftd.json,book\book-ggr.json,book\book-hat-tg.json,book\book-hf.json,book\book-hffotm.json,book\book-mabjov.json,book\book-mcv4ec.json,book\book-mm.json,book\book-mot.json,book\book-mpmm.json,book\book-mpp.json,book\book-mtf.json,book\book-oga.json,book\book-paf.json,book\book-phb.json,book\book-ps-a.json,book\book-ps-d.json,book\book-ps-i.json,book\book-ps-k.json,book\book-ps-x.json,book\book-ps-z.json,book\book-rmr.json,book\book-sac.json,book\book-sato.json,book\book-scag.json,book\book-scc.json,book\book-screen.json,book\book-screendungeonkit.json,book\book-screenspelljammer.json,book\book-screenwildernesskit.json,book\book-tce.json,book\book-td.json,book\book-tdcsr.json,book\book-vgm.json,book\book-vrgr.json,book\book-xdmg.json,book\book-xge.json,book\book-xmm.json,book\book-xphb.json,book\book-xscreen.json",365,grim_book,Re-indexed (changed)
"class\class-artificer.json,class\class-barbarian.json,class\class-bard.json,class\class-cleric.json,class\class-druid.json,class\class-fighter.json,class\class-monk.json,class\class-mystic.json,class\class-paladin.json,class\class-ranger.json,class\class-rogue.json,class\class-sidekick.json,class\class-sorcerer.json,class\class-warlock.json,class\class-wizard.json,class\index.json",29,grim_class,Re-indexed (changed)
"generated\bookref-dmscreen-index.json,generated\bookref-dmscreen.json,generated\bookref-quick.json,generated\gendata-maps.json,generated\gendata-nav-adventure-book-index.json,generated\gendata-spell-source-lookup.json,generated\gendata-subclass-lookup.json,generated\gendata-tables.json,generated\gendata-tag-redirects.json,generated\gendata-variantrules.json",2318,grim_generated,Re-indexed (changed)
"spells\index.json,spells\sources.json,spells\spells-aag.json,spells\spells-ai.json,spells\spells-aitfr-avt.json,spells\spells-bmt.json,spells\spells-egw.json,spells\spells-ftd.json,spells\spells-ggr.json,spells\spells-idrotf.json,spells\spells-llk.json,spells\spells-phb.json,spells\spells-sato.json,spells\spells-scc.json,spells\spells-tce.json,spells\spells-tdcsr.json,spells\spells-xge.json,spells\spells-xphb.json",918,grim_spells,Re-indexed (changed)
